{"entities":{"pages":{"starter-topic":{"id":"starter-topic","title":"Learn Servlet - Módulo 1: Configuração Inicial do Projeto","url":"starter-topic.html","level":0,"pages":["Criando-a-primeira-Servlet"],"tabIndex":0},"Criando-a-primeira-Servlet":{"id":"Criando-a-primeira-Servlet","title":"Criando a Primeira Servlet: Uma Revolução no Desenvolvimento Web","url":"criando-a-primeira-servlet.html","level":1,"parentId":"starter-topic","pages":["Mão-na-enxada"],"tabIndex":0},"Mão-na-enxada":{"id":"Mão-na-enxada","title":"Mão na enxada","url":"mão-na-enxada.html","level":2,"parentId":"Criando-a-primeira-Servlet","tabIndex":0}}},"topLevelIds":["starter-topic"]}